{
  "catalog_content_char_mean": 908.8865466666666,
  "catalog_content_char_std": 852.8961514390892,
  "catalog_content_char_p95": 2593.0,
  "catalog_content_word_mean": 147.85169333333334,
  "catalog_content_word_std": 137.06873143169614,
  "catalog_content_word_p95": 418.0
}